delta_usdcny,dGP_rmb_bn_h0pct,dGP_rmb_bn_h25.0pct,dGP_rmb_bn_h50.0pct,dGP_rmb_bn_h80.5pct,dGM_pp_h0pct,dGM_pp_h25.0pct,dGM_pp_h50.0pct,dGM_pp_h80.5pct
-0.08,-12.43,-9.32,-6.21,-2.42,-1.546,-1.16,-0.773,-0.301
-0.06,-9.32,-6.99,-4.66,-1.81,-1.16,-0.87,-0.58,-0.226
-0.04,-6.21,-4.66,-3.11,-1.21,-0.773,-0.58,-0.387,-0.15
-0.02,-3.11,-2.33,-1.55,-0.6,-0.387,-0.29,-0.193,-0.075
0,0.0,0.0,0.0,0.0,0,0,0,0
0.02,3.11,2.33,1.55,0.6,0.387,0.29,0.193,0.075
0.04,6.21,4.66,3.11,1.21,0.773,0.58,0.387,0.15
0.06,9.32,6.99,4.66,1.81,1.16,0.87,0.58,0.226
0.08,12.43,9.32,6.21,2.42,1.546,1.16,0.773,0.301
